[
    {
        "nom": "Silo",
        "etat": "Plein",
        "type": "Silo"
    },
    {
        "nom": "Cellule1",
        "etat": "Vide",
        "type": "Cellule"
    },
    {
        "nom": "Cellule2",
        "etat": "Vide",
        "type": "Cellule"
    },
    {
        "nom": "Cellule3",
        "etat": "Vide",
        "type": "Cellule"
    },
    {
        "nom": "Cellule4",
        "etat": "Vide",
        "type": "Cellule"
    },
    {
        "nom": "Cellule5",
        "etat": "Vide",
        "type": "Cellule"
    },
    {
        "nom": "Cellule6",
        "etat": "Vide",
        "type": "Cellule"
    },
    {
        "nom": "Cellule7",
        "etat": "Vide",
        "type": "Cellule"
    },
    {
        "nom": "Cellule8",
        "etat": "Vide",
        "type": "Cellule"
    },
    {
        "nom": "Cellule9",
        "etat": "Vide",
        "type": "Cellule"
    },
    {
        "nom": "Cellule10",
        "etat": "Pleine",
        "type": "Cellule"
    },
    {
        "nom": "Tour de manutention",
        "etat": "Éteinte",
        "type": "TourManutention"
    },
    {
        "nom": "Boisseau1",
        "etat": "Vide",
        "type": "Boisseau"
    },
    {
        "nom": "Boisseau2",
        "etat": "Vide",
        "type": "Boisseau"
    },
    {
        "nom": "Boisseau3",
        "etat": "Plein",
        "type": "Boisseau"
    },
    {
        "nom": "Fosse1",
        "etat": "Vide",
        "type": "Fosse"
    },
    {
        "nom": "Fosse2",
        "etat": "Vide",
        "type": "Fosse"
    },
    {
        "nom": "Systeme ventilation",
        "etat": "Éteinte",
        "type": "Ventillation"
    },
    {
        "nom": "Alarme",
        "etat": "Éteinte",
        "type": "Alarme"
    },
    {
        "nom": "Elevateur Godet",
        "etat": "Arret",
        "type": "ElevateurGodet"
    },
    {
        "nom": "Pont à Bascule",
        "etat": "Baissé",
        "type": "PontBascule"
    },
    {
        "nom": "Sonde",
        "etat": "Allumée",
        "type": "Sonde"
    }
]